{
    "timestamp": "2024-05-22T20:59:36.166",
    "SerialNumber": 17057464,
    "values": {
        "U_LN": {
            "L1": 0,
            "L2": 0,
            "L3": 0
        },
        "U_LL": {
            "L1-L2": 0,
            "L2-L3": 0,
            "L3-L1": 0
        },
        "I": {
            "L1": 0,
            "L2": 0,
            "L3": 0
        },
        "I_N": {
            "All": 0
        },
        "P": {
            "L1": 0,
            "L2": 0,
            "L3": 0,
            "All": 0
        },
        "Q": {
            "L1": 0,
            "L2": 0,
            "L3": 0,
            "All": 0
        },
        "S": {
            "L1": 0,
            "L2": 0,
            "L3": 0,
            "All": 0
        },
        "CosPhi": {
            "L1": null,
            "L2": null,
            "L3": null
        },
        "F": 0,
        "Rotation": 0,
        "Wp": {
            "L1": 4393.064453,
            "L2": 4435.669922,
            "L3": 4445.894043,
            "All": 13274.62793
        },
        "Wp_Consumed": {
            "L1": 4393.067871,
            "L2": 4435.674805,
            "L3": 4445.899414,
            "All": 13274.63672
        },
        "Wp_Delivered": {
            "L1": 0.003511329,
            "L2": 0.004529738,
            "L3": 0.005302137,
            "All": 0.008694669
        },
        "Wq": {
            "L1": 4404.216309,
            "L2": 4444.465332,
            "L3": 4459.69043,
            "All": 13308.37207
        },
        "Ws": {
            "L1": -299.8584595,
            "L2": -265.7305298,
            "L3": -288.5083618,
            "All": -854.09729
        },
        "Ws_ind": {
            "L1": 0.003907438,
            "L2": 0.002190575,
            "L3": 1.597103357,
            "All": 1.596139669
        },
        "Ws_cap": {
            "L1": 299.8623657,
            "L2": 265.7326965,
            "L3": 290.1054688,
            "All": 855.6934814
        },
        "THD_U": {
            "L1": 100,
            "L2": 100,
            "L3": 100
        },
        "THD_I": {
            "L1": 100,
            "L2": 100,
            "L3": 100
        },
        "OperatingTime": 0
    }
}